$ANSIBLE_VAULT;1.1;AES256
36633362343338393434363964383339636635636438303338393631373933393931366430343332
6662386433373563313134366461623862613539643061340a333239306365366230336338646439
34323162393330313336643563323632343161333863323735356335333435313061656563663833
6238653433366361300a353763313236383033656632656334366131613965313933386364643332
32353330666463626534393663636631363366616239326262663537616266363831356365386336
64646631336230613337616431616238303433343039353131323262306664616261626365396234
39313266613933333165613232626336636333613162646135346137636132343139323461333437
37633534666266636139323631633237643337373839646232623530626161363137653637323135
64373239326363613335353934353861396539636538393234343537366265336539346236656663
62303861616633383161663666636433313137623138633464643262353434346534303933323633
33363030626561663839326266613532343031386133343764656562643266633666333139393532
33653338353364353462306238303562313761323731313664653538373237323231353264363831
64663635303831666436646164373637633334666532343432636332313362643632623561346332
34353832316336313631333934643262346161666638626165643663636131656331653538623535
35383566623966353663326337323937376631366266336137316335326135366630363535623433
37653065363434303638633263663664336233383262313562323332623661333364656436383266
38323365323134613261306235386331316266336536343866613633363961663134393762313263
66636633306136313861343461323466313630323831353936306533373134643937646363376539
35313038346234343566323333376633316331346237356466313037326134383534336561306232
31383635313735386261343838623732323264653837636561336134336533646338613636616465
65646162633061643337373066393031666662613561363461396338313431633437313562316132
62643833643830393038386138656462353062656635653133383163313537353430653632623032
36326238313633613936653963393664393534396266356236623065626137383265666537623935
31653763326539373161656133623434353034663138336138616165663834633163316138346534
37313137313838666630396365373737623266346535306231323366613137346264353434613231
30353463613538663634306536613064353736623063623537653765663664663130326131383865
35313061353134386130376536353238643437623438623434316266316530613632633065656466
61373834343631373866363031636439663037643630363032313032636433653437646439333832
66663965616565326531303430346333383562653663323735383265613732316264653332613238
34626464303231333566623531373039623636383734383535356561333036363833383234393263
35396566333461316562643534663538366135623031303562316231646436663939626564616362
32633633383834656538363566643938396535313933373366643536333261373133653839323138
62333933306630313434656263333539396134333635376638306562333764626162666431336164
32316462373639356237666138613432636161396262643135346463653466623531383038656564
62353636396538316561366166333465386632376161656663626533633563346236356366633432
38646634343337353765666135636137386134353133393965656362643662636434303030303161
39623862316437393937663039623664636631343266666463646466343633643934623433376436
30333736333164643230386364383535393733396164393137386361666131383335303337393962
30313861363862666233343839353433313034386261363238303937356361393531613739313931
35356336623561663137313337383238346535633264623939666261316438336138313337326631
66663235666236363935383661303732633163623564353361326337356365393139653963346436
30633037363133373961383838633939646438613036623262363832626135303630633037653430
36366134663433663665306665386435626532643866333633383037333831363766616439343736
31343636333738646465323132343964633939323061316135626531303839613362393962313731
38303239376537323261346134353866393431626161636633636134633063653963353362353036
62303031353566303239323236336532623464313231653762313261383238626436643731383763
66313065666433373631366134336630373263643838643139646565613931396434353839396331
32363331623639626134313134333932396630623837623064376533666665353362643433653533
36366139636333306162633564366363393632373736366636623238313662663833616639663166
65326131616461373965623137386232363830623532383734356232393465306437303161303338
39316637646436373834616363343266396437633134623462656231303564313731316662373533
36366437663233653335613336356439616362623837376138376632363438376363386338643136
64336565306663646566333565376332303733363261633730303536336139653966656363343633
64356466346538396261393630326637653838393566313635613962643834363263333132633564
39313233313033393030353262636365326133663364346136363133666466656666393764623039
30653732306137356333383164666564653563393931616339383332626234623738393737313562
63346361623634353231653362623262643565353937376431313835346634643638633036646636
31366465316665356139616162663762326539363965343938636333336231393433646536626134
63653533343534643161303232633061666666613636396535386662326161366165636335623035
36336161346637373730376630316334656435356231366131396436316534366233366234646637
62383435633666356230306435333130393362663232306164653536353337663831653037633166
32303837313161313537326432333534626235333961333037383632346164316363626463386330
62303038396161663436643434653964316331383064353935323864356233353864373562613765
66303037376164383139363936633437386464613830613264316235383962393838353237353137
33623961346665373066393531333064623833393535643938363864643030633531386364306131
35663464386539663965383663353662313661373435306538643836363136366239353735333430
61633034376165366535366332663961643735653761653737363536373034376132353233396466
65356538386264363866353737653138656462343233316566666335663763363439346236383931
31373032623363323932663665373165393339383364316364366532313663663034393531353765
38353932363337646431323639663431373165656466353532313036636563613330373536306331
36346139623630643163623366363036636438636531303761373332353931323333616331373464
31613331323037383235323533313961383731356564366333336163663862353663636239366364
34356361626362343139343066623238613230353464646264663564326536396236313538356435
36323166643837626166663232653263356132343866366338656163623332396232366664393663
39643234663037383335356638633137613863373663656133346237653034623735326162346339
31386639393462643765343435393566303536393862616337656439616334613464313565633436
35306632366530393564363338653536323533343966313766613739663239646231356639643166
66376462623162363738656338663530636436643036323564626231326166346238366366343130
32353736383361633061353138386137623730363930353963326639653633323166333431366262
31653763373265666531653238373436636134393138303332663961373934343432653030356637
38646264636261396438363561636462396537303563323535383039353961306231366134656438
39633664343864396565303732326437393536376464623061653130383639366530313563376339
31666530646334666238306163626563613864633564663537373134653838383836653639386466
33623436666664313033383662323164643636353033666332306633326534363735373937363266
32353435346461323332666531303136333662643661653364396363633663653033383039393166
38353739653835633535353264396537383730653263333835313939353039643639653532336265
37656431333237643833303634326339663061616130633864643037616236353633356563626536
36666330313334346365663066363361303061366461346364356165616661386433623631383532
31393932306335306231346630336238656663646462663736333132303363353032343337613463
34303634623733326166333639353936373461333461666462336165303361623962636361383538
39316235663439663738363661306632383930376334633036393535333139336364323530316364
37363665383535333031343935633936376537303134303732346663653064663462303434373638
64396536643534636438613161353139643931653661353832303265353134336363393464356164
32386164323236333165393665396338653166393062643933646461376633616434656137383531
62303465663063646437383237646461613830303034333437333966373630636135653636393863
64376365343532643234663663373430353431663861306239383664633561393439303136373730
65313065666138393833373934313531656130316232626430656631633033653139306133336630
64646362333030376266636361643638653138313265363838613163666434323138356131663733
62366531363761626461393334346632623132613062396363313538336161643964366434393636
64643331343665303134363335393838666565393164326266373333333531313534393765356532
35303066343338666539306531633766313832623733343164633239316635663761353134646162
31316561616666616332313365633165323063373464653866646466363661383862666534396236
61303732396637646164376237346137316330376365393561346462616562356562343765643762
35306538373132353339
